impl,N,elapsed_ms,ops_total
Fibonacci,0,0,0
Fibonacci,1,0,0
Fibonacci,2,0,1
Fibonacci,3,0,2
Fibonacci,4,0,4
Fibonacci,5,0,7
Fibonacci,6,0,12
Fibonacci,7,0,20
Fibonacci,8,0,33
Fibonacci,9,0,54
Fibonacci,10,0,88
Fibonacci,11,0,143
Fibonacci,12,0,232
Fibonacci,13,0,376
Fibonacci,14,0,609
Fibonacci,15,0,986
Fibonacci,16,0,1596
Fibonacci,17,0,2583
Fibonacci,18,0,4180
Fibonacci,19,0,6764
Fibonacci,20,0,10945
Fibonacci,21,0,17710
Fibonacci,22,0,28656
Fibonacci,23,0,46367
Fibonacci,24,0,75024
Fibonacci,25,0,121392
Fibonacci,26,0,196417
Fibonacci,27,0,317810
Fibonacci,28,0,514228
Fibonacci,29,0,832039
Fibonacci,30,0,1346268
Fibonacci,31,0,2178308
GCD,1,0,1
GCD,2,0,1
GCD,3,0,2
GCD,4,0,3
GCD,5,0,4
GCD,6,0,5
GCD,7,0,6
GCD,8,0,7
GCD,9,0,8
GCD,10,0,9
GCD,11,0,10
GCD,12,0,11
GCD,13,0,12
GCD,14,0,13
GCD,15,0,14
GCD,16,0,15
GCD,17,0,16
GCD,18,0,17
GCD,19,0,18
GCD,20,0,19
GCD,21,0,20
GCD,22,0,21
GCD,23,0,22
GCD,24,0,23
GCD,25,0,24
GCD,26,0,25
GCD,27,0,26
GCD,28,0,27
GCD,29,0,28
GCD,30,0,29
